feedback,label
"This product works perfectly and I am very happy with it",positive
"The quality is excellent and worth the price",positive
"Very satisfied with the purchase highly recommended",positive
"Great product and very easy to use",positive
"The packaging was neat and the item arrived safely",positive
"Fantastic quality and great performance",positive
"I love the design and build quality",positive
"The battery life is amazing and lasts very long",positive
"Very reliable product and performs well",positive
"Excellent value for money",positive
"Delivery was fast and the product is great",positive
"Superb product I will buy again",positive
"The product exceeded my expectations",positive
"Great quality and good customer support",positive
"I am extremely happy with this purchase",positive
"Perfect product exactly what I needed",positive
"The item works smoothly without any issues",positive
"High quality materials and strong build",positive
"The product is durable and very useful",positive
"Very comfortable and easy to operate",positive
"The product quality is amazing",positive
"I liked this product very much",positive
"The design is modern and attractive",positive
"Works exactly as described",positive
"Very impressive performance",positive
"Good quality product and quick delivery",positive
"Absolutely love this product",positive
"The product is fantastic and reliable",positive
"Very useful and practical item",positive
"Highly satisfied with the product",positive
"Great experience using this product",positive
"The product is simple but very effective",positive
"Very happy with the product quality",positive
"The product arrived on time and works great",positive
"I recommend this product to everyone",positive
"The product performance is excellent",positive
"Extremely satisfied with this item",positive
"Great design and strong performance",positive
"Very dependable product",positive
"The item works perfectly without problems",positive
"Great purchase and worth the money",positive
"The product is awesome and very useful",positive
"Top quality and great features",positive
"Fantastic experience using this item",positive
"The product build quality is very good",positive
"Great product with nice features",positive
"Very well made and reliable",positive
"The product performs extremely well",positive
"I am pleased with the quality",positive
"This product is outstanding",positive
"This product stopped working after two days",negative
"Very poor quality and disappointing",negative
"I regret buying this product",negative
"The item arrived damaged",negative
"Completely useless product waste of money",negative
"Terrible experience with this product",negative
"Very bad quality do not buy",negative
"The product broke after one week",negative
"Customer support was very unhelpful",negative
"The product does not work as advertised",negative
"Extremely disappointed with this purchase",negative
"The item is poorly made",negative
"Worst product I have ever bought",negative
"The product overheats frequently",negative
"Not worth the money at all",negative
"The product arrived late and damaged",negative
"Very unreliable and poorly built",negative
"The quality is terrible",negative
"I had a bad experience using this product",negative
"Completely disappointed with the product",negative
"The product stopped charging",negative
"Very cheap materials used",negative
"The item is defective",negative
"The product performance is very poor",negative
"I would not recommend this product",negative
"Very frustrating to use",negative
"The product keeps malfunctioning",negative
"Extremely poor customer service",negative
"The product broke easily",negative
"The item stopped working suddenly",negative
"Poor design and bad quality",negative
"Very disappointing purchase",negative
"The product failed after a few uses",negative
"The product quality is unacceptable",negative
"Not satisfied with this product",negative
"The product does not last long",negative
"Waste of money and time",negative
"Very poor performance",negative
"The product is faulty",negative
"I am unhappy with this purchase",negative
"The product arrived with missing parts",negative
"Very bad experience overall",negative
"The product stopped functioning quickly",negative
"I had many issues with this product",negative
"The product is badly designed",negative
"Low quality and unreliable",negative
"The product broke on first use",negative
"Terrible build quality",negative
"Very disappointing quality",negative
"The product is not durable",negative
